{"call": "Call:\nlm(formula = height ~ weight, data = data)\n\nResiduals:\n      Min        1Q    Median        3Q       Max \n-0.021355 -0.007024  0.002112  0.011106  0.014011 \n\nCoefficients:\n             Estimate Std. Error t value Pr(>|t|)    \n(Intercept) 0.6484604  0.0292218   22.19 1.02e-11 ***\nweight      0.0161443  0.0004679   34.50 3.60e-14 ***\n---\nSignif. codes:  0 \u2018***\u2019 0.001 \u2018**\u2019 0.01 \u2018*\u2019 0.05 \u2018.\u2019 0.1 \u2018 \u2019 1\n\nResidual standard error: 0.01232 on 13 degrees of freedom\nMultiple R-squared:  0.9892,\tAdjusted R-squared:  0.9884 \nF-statistic:  1190 on 1 and 13 DF,  p-value: 3.604e-14\n\n", "intercept": 0.64846, "coef": 0.016144, "residuals": [-0.021355, -0.006046, -0.008002, 4.2e-05, -0.001915, 0.005968, 0.014011, 0.012055, 0.012672, 0.010716, 0.011495, 0.002112, 0.00273, -0.013918, -0.020565], "fitted_values": [1.491355, 1.506046, 1.528002, 1.549958, 1.571915, 1.594032, 1.615989, 1.637945, 1.667328, 1.689284, 1.718505, 1.747888, 1.77727, 1.813918, 1.850565], "height_values": [1.47, 1.5, 1.52, 1.55, 1.57, 1.6, 1.63, 1.65, 1.68, 1.7, 1.73, 1.75, 1.78, 1.8, 1.83], "weight_values": [52.21, 53.12, 54.48, 55.84, 57.2, 58.57, 59.93, 61.29, 63.11, 64.47, 66.28, 68.1, 69.92, 72.19, 74.46], "observations": [[1.47, 52.21], [1.5, 53.12], [1.52, 54.48], [1.55, 55.84], [1.57, 57.2], [1.6, 58.57], [1.63, 59.93], [1.65, 61.29], [1.68, 63.11], [1.7, 64.47], [1.73, 66.28], [1.75, 68.1], [1.78, 69.92], [1.8, 72.19], [1.83, 74.46]], "r_squared": 0.989197, "adjusted_r_squared": 0.988366, "equation": "0.64846 + 0.016144 * weight"}